{
  "total_images": 50,
  "qwen": {
    "avg_time": 9.062227444648743,
    "avg_cer": 0.6694487005107014,
    "avg_wer": 0.8647763399488683,
    "avg_teds": 0.7454287087912088,
    "success_rate": 0.98
  },
  "dots_ocr": {
    "avg_time": 2.373655414581299,
    "avg_cer": 0.6917538465841598,
    "avg_wer": 0.8786568322827776,
    "avg_teds": 0.8167565363755622,
    "success_rate": 1.0
  }
}