{
  "2412.19495v2.pdf": {
    "document_id": "2412.19495v2",
    "cer": 0.09723393672829778,
    "wer": 0.106805977190769,
    "ordering_accuracy": 1.0,
    "hierarchy_accuracy": 0.0,
    "document_teds": 0.5,
    "hierarchy_teds": 1.0,
    "total_elements_gt": 75,
    "total_elements_pred": 217,
    "matched_elements": 38,
    "processing_time": 4.640543460845947
  },
  "2412.19495v2_scanned.pdf": {
    "document_id": "2412.19495v2_scanned",
    "cer": 0.13576781276397723,
    "wer": 0.14329764069091222,
    "ordering_accuracy": 1.0,
    "hierarchy_accuracy": 0.0,
    "document_teds": 0.5,
    "hierarchy_teds": 1.0,
    "total_elements_gt": 75,
    "total_elements_pred": 193,
    "matched_elements": 36,
    "processing_time": 4.6120593547821045
  },
  "2508.19267v1.pdf": {
    "document_id": "2508.19267v1",
    "cer": 0.02971209763737675,
    "wer": 0.043332398878178455,
    "ordering_accuracy": 1.0,
    "hierarchy_accuracy": 0.0,
    "document_teds": 0.5,
    "hierarchy_teds": 1.0,
    "total_elements_gt": 76,
    "total_elements_pred": 166,
    "matched_elements": 36,
    "processing_time": 1.809830904006958
  },
  "2508.19267v1_scanned.pdf": {
    "document_id": "2508.19267v1_scanned",
    "cer": 0.042887982909403065,
    "wer": 0.05557739040576212,
    "ordering_accuracy": 1.0,
    "hierarchy_accuracy": 0.0,
    "document_teds": 0.5,
    "hierarchy_teds": 1.0,
    "total_elements_gt": 76,
    "total_elements_pred": 171,
    "matched_elements": 34,
    "processing_time": 1.8336870670318604
  },
  "journal-10-67-5-676-697.pdf": {
    "document_id": "journal-10-67-5-676-697",
    "cer": 0.06231480348040281,
    "wer": 0.04513569364546941,
    "ordering_accuracy": 1.0,
    "hierarchy_accuracy": 0.016666666666666666,
    "document_teds": 0.49166666666666664,
    "hierarchy_teds": 0.9833333333333333,
    "total_elements_gt": 103,
    "total_elements_pred": 171,
    "matched_elements": 60,
    "processing_time": 2.2954115867614746
  },
  "journal-10-67-5-676-697_scanned.pdf": {
    "document_id": "journal-10-67-5-676-697_scanned",
    "cer": 0.05259514055277043,
    "wer": 0.07541480041894488,
    "ordering_accuracy": 1.0,
    "hierarchy_accuracy": 0.031746031746031744,
    "document_teds": 0.48412698412698413,
    "hierarchy_teds": 0.9682539682539683,
    "total_elements_gt": 103,
    "total_elements_pred": 183,
    "matched_elements": 63,
    "processing_time": 2.324518918991089
  },
  "journal-10-67-5-721-729.pdf": {
    "document_id": "journal-10-67-5-721-729",
    "cer": 0.12293833025566199,
    "wer": 0.14318731230448728,
    "ordering_accuracy": 1.0,
    "hierarchy_accuracy": 0.19047619047619047,
    "document_teds": 0.40476190476190477,
    "hierarchy_teds": 0.8095238095238095,
    "total_elements_gt": 55,
    "total_elements_pred": 67,
    "matched_elements": 21,
    "processing_time": 0.7986383438110352
  },
  "journal-10-67-5-721-729_scanned.pdf": {
    "document_id": "journal-10-67-5-721-729_scanned",
    "cer": 0.06476882451317216,
    "wer": 0.12596140475205297,
    "ordering_accuracy": 1.0,
    "hierarchy_accuracy": 0.18181818181818182,
    "document_teds": 0.40909090909090906,
    "hierarchy_teds": 0.8181818181818181,
    "total_elements_gt": 55,
    "total_elements_pred": 63,
    "matched_elements": 22,
    "processing_time": 0.7612171173095703
  },
  "_summary": {
    "total_files": 8,
    "avg_cer": 0.07602736610513278,
    "avg_wer": 0.09233907728582204,
    "avg_ordering_accuracy": 1.0,
    "avg_hierarchy_accuracy": 0.05258838383838384,
    "avg_document_teds": 0.4737058080808081,
    "avg_hierarchy_teds": 0.9474116161616162
  }
}