{
  "2412.19495v2.md": {
    "document_id": "2412.19495v2",
    "cer": 0.03908749870032205,
    "wer": 0.03426404646445976,
    "ordering_accuracy": 1.0,
    "hierarchy_accuracy": 0.0,
    "document_teds": 0.5,
    "hierarchy_teds": 1.0,
    "total_elements_gt": 75,
    "total_elements_pred": 103,
    "matched_elements": 24,
    "processing_time": 4.73052191734314
  },
  "2412.19495v2_scanned.md": {
    "document_id": "2412.19495v2_scanned",
    "cer": 0.006265037950737515,
    "wer": 0.03133246797974015,
    "ordering_accuracy": 1.0,
    "hierarchy_accuracy": 0.0,
    "document_teds": 0.5,
    "hierarchy_teds": 1.0,
    "total_elements_gt": 75,
    "total_elements_pred": 104,
    "matched_elements": 25,
    "processing_time": 4.553966045379639
  },
  "2508.19267v1.md": {
    "document_id": "2508.19267v1",
    "cer": 0.03852244347634973,
    "wer": 0.05887677613297245,
    "ordering_accuracy": 1.0,
    "hierarchy_accuracy": 0.0,
    "document_teds": 0.5,
    "hierarchy_teds": 1.0,
    "total_elements_gt": 76,
    "total_elements_pred": 107,
    "matched_elements": 41,
    "processing_time": 1.9091849327087402
  },
  "2508.19267v1_scanned.md": {
    "document_id": "2508.19267v1_scanned",
    "cer": 0.03606062591268236,
    "wer": 0.05243394762936178,
    "ordering_accuracy": 1.0,
    "hierarchy_accuracy": 0.0,
    "document_teds": 0.5,
    "hierarchy_teds": 1.0,
    "total_elements_gt": 76,
    "total_elements_pred": 110,
    "matched_elements": 42,
    "processing_time": 1.8826000690460205
  },
  "journal-10-67-5-676-697.md": {
    "document_id": "journal-10-67-5-676-697",
    "cer": 0.036586602101686606,
    "wer": 0.06665145707686791,
    "ordering_accuracy": 1.0,
    "hierarchy_accuracy": 0.014492753623188406,
    "document_teds": 0.4927536231884058,
    "hierarchy_teds": 0.9855072463768116,
    "total_elements_gt": 103,
    "total_elements_pred": 132,
    "matched_elements": 69,
    "processing_time": 3.133969783782959
  },
  "journal-10-67-5-676-697_scanned.md": {
    "document_id": "journal-10-67-5-676-697_scanned",
    "cer": 0.03542505921043941,
    "wer": 0.05553108914151929,
    "ordering_accuracy": 1.0,
    "hierarchy_accuracy": 0.014705882352941176,
    "document_teds": 0.49264705882352944,
    "hierarchy_teds": 0.9852941176470589,
    "total_elements_gt": 103,
    "total_elements_pred": 136,
    "matched_elements": 68,
    "processing_time": 2.743994951248169
  },
  "journal-10-67-5-721-729.md": {
    "document_id": "journal-10-67-5-721-729",
    "cer": 0.09120308457154896,
    "wer": 0.14484931586346497,
    "ordering_accuracy": 0.9230769230769231,
    "hierarchy_accuracy": 0.07692307692307693,
    "document_teds": 0.5,
    "hierarchy_teds": 0.9230769230769231,
    "total_elements_gt": 55,
    "total_elements_pred": 60,
    "matched_elements": 26,
    "processing_time": 0.8029448986053467
  },
  "journal-10-67-5-721-729_scanned.md": {
    "document_id": "journal-10-67-5-721-729_scanned",
    "cer": 0.024552096386420127,
    "wer": 0.08421346127752954,
    "ordering_accuracy": 1.0,
    "hierarchy_accuracy": 0.04,
    "document_teds": 0.48,
    "hierarchy_teds": 0.96,
    "total_elements_gt": 55,
    "total_elements_pred": 59,
    "matched_elements": 25,
    "processing_time": 0.8009946346282959
  },
  "_summary": {
    "total_files": 8,
    "avg_cer": 0.03846280603877335,
    "avg_wer": 0.06601907019573948,
    "avg_ordering_accuracy": 0.9903846153846154,
    "avg_hierarchy_accuracy": 0.018265214112400813,
    "avg_document_teds": 0.4956750852514919,
    "avg_hierarchy_teds": 0.9817347858875992
  }
}